index,LR,NaiveBayes,RandomForest,XGBoost,SVM,VotingClassifier,StackingClassifier
0,Negative,Positive,Positive,Positive,Positive,Positive,Positive
1,Positive,Positive,Positive,Positive,Positive,Positive,Positive
2,Positive,Positive,Positive,Positive,Positive,Positive,Positive
3,Neutral,Positive,Positive,Positive,Positive,Positive,Positive
4,Positive,Positive,Positive,Positive,Positive,Positive,Positive
5,Neutral,Positive,Positive,Positive,Positive,Positive,Positive
6,Positive,Positive,Positive,Positive,Positive,Positive,Positive
7,Positive,Positive,Positive,Positive,Positive,Positive,Positive
8,Positive,Positive,Positive,Positive,Positive,Positive,Positive
9,Positive,Positive,Positive,Positive,Positive,Positive,Positive
10,Positive,Positive,Positive,Positive,Positive,Positive,Positive
11,Positive,Positive,Positive,Positive,Positive,Positive,Positive
12,Positive,Positive,Positive,Positive,Positive,Positive,Positive
13,Negative,Positive,Positive,Positive,Positive,Positive,Positive
14,Neutral,Positive,Positive,Positive,Positive,Positive,Positive
15,Neutral,Positive,Positive,Positive,Positive,Positive,Positive
16,Neutral,Positive,Positive,Positive,Positive,Positive,Positive
17,Positive,Positive,Positive,Positive,Positive,Positive,Positive
18,Positive,Positive,Positive,Positive,Positive,Positive,Positive
19,Neutral,Neutral,Positive,Positive,Neutral,Neutral,Positive
20,Positive,Positive,Positive,Positive,Positive,Positive,Positive
21,Negative,Negative,Negative,Negative,Negative,Negative,Negative
22,Positive,Positive,Positive,Positive,Positive,Positive,Positive
23,Positive,Positive,Positive,Positive,Positive,Positive,Positive
24,Positive,Positive,Positive,Neutral,Neutral,Positive,Positive
25,Positive,Positive,Positive,Positive,Positive,Positive,Positive
26,Positive,Positive,Positive,Positive,Positive,Positive,Positive
27,Positive,Positive,Positive,Positive,Positive,Positive,Positive
28,Positive,Positive,Positive,Positive,Positive,Positive,Positive
29,Positive,Positive,Positive,Positive,Positive,Positive,Positive
30,Positive,Positive,Positive,Positive,Positive,Positive,Positive
31,Neutral,Positive,Positive,Positive,Positive,Positive,Positive
32,Positive,Positive,Positive,Positive,Positive,Positive,Positive
33,Positive,Positive,Positive,Positive,Positive,Positive,Positive
34,Positive,Positive,Positive,Positive,Positive,Positive,Positive
35,Neutral,Positive,Positive,Positive,Positive,Positive,Positive
36,Neutral,Positive,Positive,Positive,Positive,Positive,Positive
37,Positive,Positive,Positive,Positive,Positive,Positive,Positive
38,Neutral,Neutral,Positive,Positive,Positive,Neutral,Positive
39,Positive,Positive,Positive,Positive,Positive,Positive,Positive
40,Negative,Neutral,Positive,Positive,Positive,Negative,Positive
41,Positive,Positive,Positive,Positive,Positive,Positive,Positive
42,Positive,Positive,Positive,Positive,Positive,Positive,Positive
43,Positive,Positive,Positive,Positive,Positive,Positive,Positive
44,Positive,Neutral,Positive,Positive,Neutral,Positive,Positive
45,Positive,Positive,Positive,Positive,Positive,Positive,Positive
46,Positive,Positive,Positive,Positive,Positive,Positive,Positive
47,Positive,Positive,Positive,Positive,Positive,Positive,Positive
48,Negative,Negative,Positive,Positive,Positive,Negative,Positive
49,Neutral,Positive,Positive,Positive,Positive,Positive,Positive
50,Positive,Positive,Positive,Positive,Positive,Positive,Positive
51,Neutral,Positive,Positive,Positive,Positive,Positive,Positive
52,Positive,Positive,Positive,Positive,Positive,Positive,Positive
53,Positive,Positive,Positive,Positive,Positive,Positive,Positive
54,Neutral,Positive,Positive,Positive,Positive,Positive,Positive
55,Negative,Positive,Positive,Positive,Positive,Positive,Positive
56,Positive,Positive,Positive,Positive,Positive,Positive,Positive
57,Negative,Positive,Positive,Positive,Neutral,Positive,Positive
58,Positive,Positive,Positive,Positive,Positive,Positive,Positive
59,Neutral,Neutral,Positive,Positive,Positive,Neutral,Positive
60,Positive,Positive,Positive,Positive,Positive,Positive,Positive
61,Positive,Positive,Positive,Positive,Positive,Positive,Positive
62,Positive,Positive,Positive,Positive,Positive,Positive,Positive
63,Negative,Positive,Positive,Positive,Positive,Positive,Positive
64,Positive,Positive,Positive,Positive,Positive,Positive,Positive
65,Positive,Positive,Positive,Positive,Positive,Positive,Positive
66,Positive,Positive,Positive,Positive,Positive,Positive,Positive
67,Negative,Positive,Positive,Positive,Positive,Positive,Positive
68,Negative,Positive,Positive,Positive,Positive,Positive,Positive
69,Negative,Positive,Positive,Positive,Positive,Positive,Positive
70,Negative,Positive,Positive,Positive,Positive,Positive,Positive
71,Negative,Neutral,Positive,Positive,Positive,Negative,Positive
72,Positive,Positive,Positive,Positive,Positive,Positive,Positive
73,Positive,Positive,Positive,Positive,Positive,Positive,Positive
74,Positive,Positive,Positive,Positive,Positive,Positive,Positive
75,Negative,Positive,Positive,Positive,Positive,Positive,Positive
76,Negative,Positive,Positive,Positive,Positive,Positive,Positive
77,Positive,Positive,Positive,Positive,Positive,Positive,Positive
78,Positive,Positive,Positive,Positive,Positive,Positive,Positive
79,Positive,Positive,Positive,Positive,Positive,Positive,Positive
80,Positive,Positive,Positive,Positive,Positive,Positive,Positive
81,Positive,Positive,Positive,Positive,Positive,Positive,Positive
82,Negative,Positive,Positive,Positive,Positive,Positive,Positive
83,Negative,Negative,Negative,Negative,Negative,Negative,Negative
84,Neutral,Negative,Positive,Positive,Negative,Negative,Positive
85,Positive,Positive,Positive,Positive,Positive,Positive,Positive
86,Positive,Positive,Positive,Positive,Positive,Positive,Positive
87,Positive,Positive,Positive,Positive,Positive,Positive,Positive
88,Positive,Positive,Positive,Positive,Positive,Positive,Positive
89,Positive,Positive,Positive,Positive,Positive,Positive,Positive
90,Negative,Neutral,Positive,Positive,Neutral,Negative,Positive
91,Neutral,Positive,Positive,Positive,Positive,Positive,Positive
92,Neutral,Neutral,Positive,Positive,Positive,Neutral,Positive
93,Positive,Positive,Positive,Positive,Positive,Positive,Positive
94,Neutral,Positive,Positive,Positive,Positive,Positive,Positive
95,Positive,Positive,Positive,Positive,Positive,Positive,Positive
96,Positive,Positive,Positive,Positive,Positive,Positive,Positive
97,Positive,Positive,Positive,Positive,Positive,Positive,Positive
98,Positive,Positive,Positive,Positive,Positive,Positive,Positive
99,Negative,Positive,Positive,Positive,Positive,Positive,Positive
100,Positive,Positive,Positive,Positive,Positive,Positive,Positive
101,Neutral,Positive,Positive,Positive,Positive,Positive,Positive
102,Positive,Positive,Positive,Positive,Positive,Positive,Positive
103,Negative,Positive,Positive,Positive,Positive,Positive,Positive
104,Neutral,Positive,Positive,Positive,Positive,Positive,Positive
105,Positive,Positive,Positive,Positive,Positive,Positive,Positive
106,Negative,Neutral,Positive,Positive,Positive,Negative,Positive
107,Neutral,Neutral,Positive,Positive,Neutral,Neutral,Positive
108,Positive,Positive,Positive,Positive,Positive,Positive,Positive
109,Positive,Positive,Positive,Positive,Positive,Positive,Positive
110,Positive,Positive,Positive,Positive,Positive,Positive,Positive
111,Neutral,Neutral,Positive,Positive,Positive,Neutral,Positive
112,Positive,Positive,Positive,Positive,Positive,Positive,Positive
113,Positive,Positive,Positive,Positive,Positive,Positive,Positive
114,Positive,Positive,Positive,Positive,Positive,Positive,Positive
115,Positive,Positive,Positive,Positive,Positive,Positive,Positive
116,Neutral,Positive,Positive,Positive,Positive,Positive,Positive
117,Positive,Positive,Positive,Positive,Positive,Positive,Positive
118,Positive,Positive,Positive,Positive,Positive,Positive,Positive
119,Negative,Positive,Positive,Positive,Positive,Positive,Positive
120,Positive,Positive,Positive,Positive,Positive,Positive,Positive
121,Positive,Positive,Positive,Positive,Positive,Positive,Positive
122,Positive,Positive,Positive,Positive,Positive,Positive,Positive
123,Negative,Neutral,Positive,Positive,Positive,Negative,Positive
124,Positive,Positive,Positive,Positive,Positive,Positive,Positive
125,Positive,Positive,Positive,Positive,Positive,Positive,Positive
126,Positive,Positive,Positive,Positive,Positive,Positive,Positive
127,Positive,Positive,Positive,Positive,Positive,Positive,Positive
128,Neutral,Positive,Positive,Positive,Positive,Positive,Positive
129,Neutral,Positive,Positive,Positive,Positive,Positive,Positive
130,Neutral,Neutral,Positive,Positive,Neutral,Neutral,Positive
131,Negative,Positive,Positive,Positive,Neutral,Positive,Positive
132,Positive,Positive,Positive,Positive,Positive,Positive,Positive
133,Neutral,Positive,Positive,Positive,Positive,Positive,Positive
134,Positive,Positive,Positive,Positive,Positive,Positive,Positive
135,Positive,Positive,Positive,Positive,Positive,Positive,Positive
136,Neutral,Positive,Positive,Positive,Positive,Positive,Positive
137,Neutral,Positive,Positive,Positive,Positive,Positive,Positive
138,Negative,Neutral,Positive,Positive,Positive,Negative,Positive
139,Positive,Positive,Positive,Positive,Positive,Positive,Positive
140,Positive,Positive,Positive,Positive,Positive,Positive,Positive
141,Positive,Positive,Positive,Positive,Positive,Positive,Positive
142,Positive,Positive,Positive,Positive,Positive,Positive,Positive
143,Positive,Positive,Positive,Positive,Positive,Positive,Positive
144,Positive,Positive,Positive,Positive,Positive,Positive,Positive
145,Negative,Positive,Positive,Positive,Positive,Positive,Positive
146,Positive,Positive,Positive,Positive,Positive,Positive,Positive
147,Positive,Positive,Positive,Positive,Positive,Positive,Positive
148,Positive,Positive,Positive,Positive,Positive,Positive,Positive
149,Positive,Positive,Positive,Positive,Positive,Positive,Positive
150,Neutral,Neutral,Positive,Positive,Positive,Neutral,Positive
151,Neutral,Positive,Positive,Positive,Positive,Positive,Positive
152,Neutral,Positive,Positive,Positive,Positive,Positive,Positive
153,Neutral,Neutral,Positive,Positive,Negative,Neutral,Positive
154,Negative,Positive,Positive,Positive,Positive,Positive,Positive
155,Neutral,Neutral,Positive,Positive,Neutral,Neutral,Positive
156,Positive,Positive,Positive,Positive,Positive,Positive,Positive
157,Positive,Positive,Positive,Positive,Positive,Positive,Positive
158,Positive,Positive,Positive,Positive,Positive,Positive,Positive
159,Positive,Positive,Positive,Positive,Positive,Positive,Positive
160,Positive,Positive,Positive,Positive,Positive,Positive,Positive
161,Negative,Neutral,Positive,Negative,Positive,Negative,Positive
162,Neutral,Positive,Positive,Positive,Positive,Positive,Positive
163,Positive,Positive,Positive,Positive,Positive,Positive,Positive
164,Positive,Positive,Positive,Positive,Positive,Positive,Positive
165,Positive,Positive,Positive,Positive,Positive,Positive,Positive
166,Negative,Positive,Positive,Positive,Positive,Positive,Positive
167,Positive,Positive,Positive,Positive,Positive,Positive,Positive
168,Negative,Negative,Negative,Negative,Negative,Negative,Negative
169,Positive,Positive,Positive,Positive,Positive,Positive,Positive
170,Positive,Positive,Positive,Positive,Positive,Positive,Positive
171,Positive,Positive,Positive,Positive,Positive,Positive,Positive
172,Positive,Negative,Positive,Positive,Positive,Positive,Positive
173,Positive,Positive,Positive,Positive,Positive,Positive,Positive
174,Positive,Positive,Positive,Positive,Positive,Positive,Positive
175,Neutral,Positive,Positive,Positive,Positive,Positive,Positive
176,Neutral,Neutral,Positive,Positive,Positive,Neutral,Positive
177,Negative,Positive,Positive,Positive,Positive,Positive,Positive
178,Negative,Positive,Positive,Positive,Negative,Positive,Positive
179,Negative,Positive,Positive,Positive,Positive,Positive,Positive
180,Neutral,Neutral,Neutral,Neutral,Neutral,Neutral,Neutral
181,Positive,Positive,Positive,Positive,Positive,Positive,Positive
182,Positive,Positive,Positive,Positive,Positive,Positive,Positive
183,Neutral,Neutral,Positive,Positive,Neutral,Neutral,Positive
184,Positive,Positive,Positive,Positive,Positive,Positive,Positive
185,Positive,Positive,Positive,Positive,Positive,Positive,Positive
186,Negative,Negative,Positive,Positive,Positive,Negative,Positive
187,Positive,Positive,Positive,Positive,Positive,Positive,Positive
188,Positive,Positive,Positive,Positive,Positive,Positive,Positive
189,Positive,Positive,Positive,Positive,Positive,Positive,Positive
190,Positive,Positive,Positive,Positive,Positive,Positive,Positive
191,Positive,Positive,Positive,Positive,Negative,Positive,Positive
192,Negative,Positive,Positive,Positive,Positive,Positive,Positive
193,Negative,Positive,Positive,Positive,Neutral,Positive,Positive
194,Neutral,Positive,Positive,Positive,Positive,Positive,Positive
195,Positive,Positive,Positive,Positive,Positive,Positive,Positive
196,Positive,Positive,Positive,Positive,Positive,Positive,Positive
197,Positive,Positive,Positive,Positive,Neutral,Positive,Positive
198,Neutral,Neutral,Positive,Positive,Positive,Neutral,Positive
199,Positive,Neutral,Positive,Positive,Positive,Positive,Positive
200,Neutral,Positive,Positive,Positive,Positive,Positive,Positive
201,Positive,Positive,Positive,Positive,Positive,Positive,Positive
202,Neutral,Neutral,Positive,Positive,Positive,Neutral,Positive
203,Positive,Positive,Positive,Positive,Positive,Positive,Positive
204,Positive,Positive,Positive,Positive,Positive,Positive,Positive
205,Positive,Positive,Positive,Positive,Positive,Positive,Positive
206,Positive,Positive,Positive,Positive,Positive,Positive,Positive
207,Negative,Neutral,Positive,Positive,Positive,Negative,Positive
208,Negative,Neutral,Positive,Positive,Positive,Negative,Positive
209,Negative,Positive,Positive,Positive,Positive,Positive,Positive
210,Positive,Positive,Positive,Positive,Positive,Positive,Positive
211,Neutral,Neutral,Positive,Positive,Positive,Neutral,Positive
212,Positive,Neutral,Positive,Positive,Neutral,Positive,Positive
213,Positive,Positive,Positive,Positive,Positive,Positive,Positive
214,Positive,Positive,Positive,Positive,Positive,Positive,Positive
215,Neutral,Positive,Positive,Positive,Positive,Positive,Positive
216,Neutral,Neutral,Positive,Positive,Positive,Neutral,Positive
217,Positive,Positive,Positive,Positive,Positive,Positive,Positive
218,Positive,Positive,Positive,Positive,Positive,Positive,Positive
219,Positive,Positive,Positive,Positive,Positive,Positive,Positive
220,Positive,Positive,Positive,Positive,Positive,Positive,Positive
221,Negative,Positive,Positive,Positive,Negative,Positive,Positive
222,Negative,Positive,Positive,Positive,Positive,Positive,Positive
223,Neutral,Neutral,Positive,Positive,Positive,Neutral,Positive
224,Positive,Positive,Positive,Positive,Positive,Positive,Positive
225,Negative,Positive,Positive,Positive,Positive,Positive,Positive
226,Neutral,Neutral,Positive,Positive,Positive,Neutral,Positive
227,Positive,Positive,Positive,Positive,Positive,Positive,Positive
228,Positive,Positive,Positive,Positive,Positive,Positive,Positive
229,Positive,Positive,Positive,Positive,Positive,Positive,Positive
230,Positive,Positive,Positive,Positive,Positive,Positive,Positive
231,Neutral,Positive,Positive,Positive,Positive,Positive,Positive
232,Positive,Positive,Positive,Positive,Positive,Positive,Positive
233,Neutral,Positive,Positive,Positive,Positive,Positive,Positive
234,Neutral,Positive,Positive,Positive,Positive,Positive,Positive
235,Neutral,Neutral,Positive,Positive,Neutral,Neutral,Positive
236,Negative,Positive,Positive,Positive,Positive,Positive,Positive
237,Positive,Positive,Positive,Positive,Positive,Positive,Positive
238,Positive,Positive,Positive,Positive,Positive,Positive,Positive
239,Positive,Positive,Positive,Positive,Positive,Positive,Positive
240,Positive,Positive,Positive,Positive,Positive,Positive,Positive
241,Positive,Positive,Positive,Positive,Positive,Positive,Positive
242,Neutral,Positive,Positive,Positive,Positive,Positive,Positive
243,Negative,Positive,Positive,Positive,Positive,Positive,Positive
244,Neutral,Positive,Positive,Positive,Positive,Positive,Positive
245,Neutral,Neutral,Positive,Positive,Positive,Neutral,Positive
246,Positive,Positive,Positive,Positive,Positive,Positive,Positive
247,Positive,Positive,Positive,Positive,Positive,Positive,Positive
248,Negative,Positive,Positive,Positive,Positive,Positive,Positive
249,Neutral,Neutral,Positive,Positive,Neutral,Neutral,Positive
250,Positive,Positive,Positive,Positive,Positive,Positive,Positive
251,Neutral,Positive,Positive,Positive,Positive,Positive,Positive
252,Positive,Positive,Positive,Positive,Positive,Positive,Positive
253,Positive,Negative,Positive,Neutral,Negative,Negative,Positive
254,Positive,Positive,Positive,Positive,Positive,Positive,Positive
255,Negative,Neutral,Neutral,Neutral,Neutral,Neutral,Neutral
256,Positive,Neutral,Neutral,Neutral,Neutral,Neutral,Neutral
257,Positive,Positive,Positive,Positive,Positive,Positive,Positive
258,Negative,Positive,Positive,Positive,Positive,Positive,Positive
259,Positive,Positive,Positive,Positive,Positive,Positive,Positive
260,Neutral,Positive,Positive,Positive,Positive,Positive,Positive
261,Positive,Positive,Positive,Positive,Positive,Positive,Positive
262,Positive,Positive,Positive,Positive,Positive,Positive,Positive
263,Positive,Positive,Positive,Positive,Positive,Positive,Positive
264,Neutral,Positive,Positive,Positive,Positive,Positive,Positive
265,Neutral,Positive,Positive,Positive,Positive,Positive,Positive
266,Positive,Positive,Positive,Positive,Positive,Positive,Positive
267,Positive,Positive,Positive,Positive,Positive,Positive,Positive
268,Negative,Positive,Positive,Positive,Positive,Positive,Positive
269,Positive,Positive,Positive,Positive,Positive,Positive,Positive
270,Negative,Positive,Positive,Neutral,Positive,Negative,Positive
271,Positive,Positive,Positive,Positive,Positive,Positive,Positive
272,Positive,Positive,Positive,Positive,Positive,Positive,Positive
273,Positive,Positive,Positive,Positive,Positive,Positive,Positive
274,Positive,Positive,Positive,Positive,Positive,Positive,Positive
275,Negative,Positive,Positive,Positive,Positive,Positive,Positive
276,Neutral,Positive,Positive,Positive,Positive,Positive,Positive
277,Neutral,Positive,Positive,Positive,Positive,Positive,Positive
278,Positive,Positive,Positive,Positive,Positive,Positive,Positive
279,Neutral,Positive,Positive,Positive,Positive,Positive,Positive
280,Negative,Positive,Positive,Positive,Positive,Positive,Positive
281,Negative,Neutral,Positive,Positive,Positive,Negative,Positive
282,Negative,Neutral,Positive,Positive,Positive,Negative,Positive
283,Positive,Positive,Positive,Positive,Positive,Positive,Positive
284,Neutral,Positive,Positive,Positive,Positive,Positive,Positive
285,Positive,Positive,Positive,Positive,Positive,Positive,Positive
286,Neutral,Positive,Positive,Positive,Positive,Positive,Positive
287,Positive,Positive,Positive,Positive,Positive,Positive,Positive
288,Positive,Positive,Positive,Positive,Positive,Positive,Positive
289,Positive,Positive,Positive,Positive,Positive,Positive,Positive
290,Negative,Positive,Positive,Positive,Negative,Positive,Positive
291,Neutral,Positive,Positive,Positive,Positive,Positive,Positive
292,Negative,Positive,Positive,Positive,Positive,Positive,Positive
293,Positive,Neutral,Positive,Positive,Positive,Positive,Positive
294,Positive,Positive,Positive,Positive,Positive,Positive,Positive
295,Negative,Positive,Positive,Positive,Positive,Positive,Positive
296,Positive,Positive,Positive,Positive,Positive,Positive,Positive
297,Negative,Positive,Positive,Positive,Positive,Positive,Positive
298,Positive,Positive,Positive,Positive,Positive,Positive,Positive
299,Negative,Neutral,Positive,Positive,Neutral,Negative,Positive
300,Neutral,Positive,Positive,Positive,Positive,Positive,Positive
301,Positive,Positive,Positive,Positive,Positive,Positive,Positive
302,Positive,Positive,Positive,Positive,Positive,Positive,Positive
303,Positive,Positive,Positive,Positive,Positive,Positive,Positive
304,Positive,Positive,Positive,Positive,Positive,Positive,Positive
305,Negative,Positive,Positive,Positive,Positive,Positive,Positive
306,Positive,Positive,Positive,Positive,Positive,Positive,Positive
307,Positive,Positive,Positive,Positive,Positive,Positive,Positive
308,Positive,Positive,Positive,Positive,Positive,Positive,Positive
309,Positive,Positive,Positive,Positive,Positive,Positive,Positive
310,Positive,Positive,Positive,Positive,Positive,Positive,Positive
311,Neutral,Neutral,Positive,Positive,Neutral,Neutral,Positive
312,Negative,Positive,Positive,Positive,Positive,Positive,Positive
313,Positive,Positive,Positive,Positive,Positive,Positive,Positive
314,Positive,Positive,Positive,Positive,Positive,Positive,Positive
315,Positive,Positive,Positive,Positive,Neutral,Positive,Positive
316,Positive,Positive,Positive,Positive,Positive,Positive,Positive
317,Neutral,Positive,Positive,Positive,Positive,Positive,Positive
318,Positive,Positive,Positive,Positive,Positive,Positive,Positive
319,Neutral,Positive,Positive,Positive,Positive,Positive,Positive
320,Positive,Positive,Positive,Positive,Positive,Positive,Positive
321,Positive,Positive,Positive,Positive,Positive,Positive,Positive
322,Positive,Positive,Positive,Positive,Positive,Positive,Positive
323,Positive,Positive,Positive,Positive,Positive,Positive,Positive
324,Positive,Positive,Positive,Positive,Neutral,Positive,Positive
325,Neutral,Positive,Positive,Positive,Positive,Positive,Positive
326,Neutral,Neutral,Positive,Positive,Positive,Neutral,Positive
327,Positive,Positive,Positive,Positive,Positive,Positive,Positive
328,Neutral,Neutral,Positive,Positive,Positive,Neutral,Positive
329,Negative,Positive,Positive,Positive,Positive,Positive,Positive
330,Positive,Positive,Positive,Positive,Positive,Positive,Positive
331,Positive,Positive,Positive,Positive,Positive,Positive,Positive
332,Positive,Positive,Positive,Positive,Positive,Positive,Positive
333,Neutral,Positive,Positive,Positive,Positive,Positive,Positive
334,Positive,Positive,Positive,Positive,Positive,Positive,Positive
335,Positive,Positive,Positive,Positive,Positive,Positive,Positive
336,Positive,Positive,Positive,Positive,Positive,Positive,Positive
337,Negative,Positive,Positive,Positive,Positive,Positive,Positive
338,Neutral,Neutral,Positive,Positive,Neutral,Neutral,Positive
339,Positive,Positive,Positive,Positive,Positive,Positive,Positive
340,Neutral,Neutral,Positive,Positive,Neutral,Neutral,Positive
341,Negative,Neutral,Positive,Neutral,Neutral,Neutral,Positive
342,Neutral,Neutral,Positive,Positive,Positive,Neutral,Positive
343,Positive,Positive,Positive,Positive,Positive,Positive,Positive
344,Negative,Positive,Positive,Positive,Positive,Positive,Positive
345,Positive,Positive,Positive,Positive,Positive,Positive,Positive
346,Positive,Positive,Positive,Positive,Positive,Positive,Positive
347,Positive,Positive,Positive,Positive,Positive,Positive,Positive
348,Positive,Positive,Positive,Positive,Positive,Positive,Positive
349,Positive,Positive,Positive,Positive,Positive,Positive,Positive
350,Positive,Positive,Positive,Positive,Positive,Positive,Positive
351,Positive,Positive,Positive,Positive,Positive,Positive,Positive
352,Neutral,Positive,Positive,Positive,Positive,Positive,Positive
353,Positive,Positive,Positive,Positive,Positive,Positive,Positive
354,Negative,Positive,Positive,Positive,Positive,Positive,Positive
355,Positive,Positive,Positive,Positive,Positive,Positive,Positive
356,Negative,Positive,Positive,Positive,Positive,Positive,Positive
357,Positive,Positive,Positive,Positive,Neutral,Positive,Positive
358,Positive,Positive,Positive,Positive,Positive,Positive,Positive
359,Neutral,Positive,Positive,Positive,Positive,Positive,Positive
360,Positive,Positive,Positive,Positive,Positive,Positive,Positive
361,Positive,Positive,Positive,Positive,Positive,Positive,Positive
362,Neutral,Positive,Positive,Positive,Positive,Positive,Positive
363,Neutral,Neutral,Neutral,Neutral,Neutral,Neutral,Neutral
364,Negative,Positive,Positive,Positive,Positive,Positive,Positive
365,Negative,Positive,Positive,Positive,Positive,Positive,Positive
366,Positive,Positive,Positive,Positive,Positive,Positive,Positive
367,Negative,Positive,Positive,Positive,Positive,Positive,Positive
368,Neutral,Positive,Positive,Positive,Positive,Positive,Positive
369,Positive,Positive,Positive,Positive,Positive,Positive,Positive
370,Positive,Positive,Positive,Positive,Neutral,Positive,Positive
371,Negative,Positive,Positive,Positive,Neutral,Positive,Positive
372,Positive,Positive,Positive,Positive,Positive,Positive,Positive
373,Positive,Positive,Positive,Positive,Positive,Positive,Positive
374,Positive,Positive,Positive,Positive,Positive,Positive,Positive
375,Positive,Positive,Positive,Positive,Positive,Positive,Positive
376,Negative,Positive,Positive,Positive,Neutral,Positive,Positive
377,Positive,Positive,Positive,Positive,Positive,Positive,Positive
378,Positive,Positive,Positive,Positive,Positive,Positive,Positive
379,Neutral,Positive,Positive,Positive,Positive,Positive,Positive
380,Neutral,Positive,Positive,Positive,Positive,Positive,Positive
381,Negative,Positive,Positive,Positive,Positive,Positive,Positive
382,Positive,Positive,Positive,Positive,Positive,Positive,Positive
383,Positive,Positive,Positive,Positive,Positive,Positive,Positive
384,Neutral,Positive,Positive,Positive,Positive,Positive,Positive
385,Neutral,Neutral,Positive,Positive,Positive,Neutral,Positive
386,Neutral,Neutral,Positive,Positive,Negative,Neutral,Positive
387,Negative,Positive,Positive,Positive,Positive,Positive,Positive
388,Negative,Positive,Positive,Positive,Positive,Positive,Positive
389,Negative,Neutral,Positive,Positive,Positive,Negative,Positive
390,Negative,Positive,Positive,Positive,Positive,Positive,Positive
391,Positive,Positive,Positive,Positive,Positive,Positive,Positive
392,Positive,Positive,Positive,Positive,Positive,Positive,Positive
393,Negative,Positive,Positive,Positive,Positive,Positive,Positive
394,Positive,Positive,Positive,Positive,Positive,Positive,Positive
395,Positive,Positive,Positive,Positive,Positive,Positive,Positive
396,Negative,Positive,Positive,Positive,Negative,Positive,Positive
397,Neutral,Neutral,Positive,Positive,Negative,Neutral,Positive
398,Neutral,Positive,Positive,Positive,Neutral,Positive,Positive
399,Positive,Positive,Positive,Positive,Positive,Positive,Positive
400,Negative,Negative,Negative,Negative,Negative,Negative,Negative
401,Negative,Positive,Positive,Positive,Positive,Positive,Positive
402,Positive,Positive,Positive,Positive,Positive,Positive,Positive
403,Neutral,Positive,Positive,Positive,Positive,Positive,Positive
404,Positive,Positive,Positive,Positive,Positive,Positive,Positive
405,Negative,Positive,Positive,Positive,Negative,Positive,Positive
406,Positive,Positive,Positive,Positive,Positive,Positive,Positive
407,Neutral,Positive,Positive,Positive,Positive,Positive,Positive
408,Positive,Positive,Positive,Positive,Positive,Positive,Positive
409,Positive,Positive,Positive,Positive,Positive,Positive,Positive
410,Positive,Positive,Positive,Positive,Positive,Positive,Positive
411,Negative,Positive,Positive,Positive,Positive,Positive,Positive
412,Positive,Positive,Positive,Positive,Positive,Positive,Positive
413,Negative,Positive,Positive,Positive,Positive,Positive,Positive
414,Neutral,Positive,Positive,Positive,Positive,Positive,Positive
415,Negative,Positive,Positive,Positive,Positive,Positive,Positive
416,Positive,Positive,Positive,Positive,Positive,Positive,Positive
417,Negative,Positive,Positive,Positive,Positive,Positive,Positive
418,Positive,Positive,Positive,Positive,Positive,Positive,Positive
419,Positive,Positive,Positive,Positive,Positive,Positive,Positive
420,Negative,Positive,Positive,Positive,Positive,Positive,Positive
421,Positive,Positive,Positive,Positive,Positive,Positive,Positive
422,Negative,Negative,Positive,Positive,Negative,Negative,Positive
423,Positive,Positive,Positive,Positive,Positive,Positive,Positive
424,Negative,Positive,Positive,Positive,Positive,Positive,Positive
425,Positive,Positive,Positive,Positive,Positive,Positive,Positive
426,Positive,Positive,Positive,Positive,Positive,Positive,Positive
427,Positive,Positive,Positive,Positive,Positive,Positive,Positive
428,Neutral,Positive,Positive,Positive,Positive,Positive,Positive
429,Positive,Positive,Positive,Positive,Positive,Positive,Positive
430,Positive,Positive,Positive,Positive,Positive,Positive,Positive
431,Neutral,Positive,Positive,Positive,Neutral,Positive,Positive
432,Positive,Positive,Positive,Positive,Positive,Positive,Positive
433,Negative,Positive,Positive,Positive,Positive,Positive,Positive
434,Negative,Positive,Positive,Positive,Positive,Positive,Positive
435,Positive,Positive,Positive,Positive,Neutral,Positive,Positive
436,Positive,Positive,Positive,Positive,Positive,Positive,Positive
437,Positive,Positive,Positive,Positive,Positive,Positive,Positive
438,Positive,Positive,Positive,Positive,Positive,Positive,Positive
439,Positive,Positive,Positive,Positive,Positive,Positive,Positive
440,Positive,Positive,Positive,Positive,Positive,Positive,Positive
441,Negative,Positive,Positive,Positive,Positive,Positive,Positive
442,Positive,Positive,Positive,Positive,Positive,Positive,Positive
443,Positive,Positive,Positive,Positive,Positive,Positive,Positive
444,Neutral,Neutral,Neutral,Neutral,Neutral,Neutral,Neutral
445,Positive,Neutral,Positive,Positive,Positive,Positive,Positive
446,Positive,Positive,Positive,Positive,Positive,Positive,Positive
447,Positive,Positive,Positive,Positive,Positive,Positive,Positive
448,Positive,Positive,Positive,Positive,Positive,Positive,Positive
449,Positive,Neutral,Positive,Positive,Positive,Positive,Positive
450,Positive,Positive,Positive,Positive,Positive,Positive,Positive
451,Positive,Neutral,Positive,Positive,Negative,Positive,Positive
452,Negative,Positive,Positive,Positive,Positive,Positive,Positive
453,Positive,Positive,Positive,Positive,Positive,Positive,Positive
454,Negative,Positive,Positive,Positive,Positive,Positive,Positive
455,Neutral,Positive,Positive,Positive,Positive,Positive,Positive
456,Positive,Positive,Positive,Positive,Positive,Positive,Positive
457,Positive,Positive,Positive,Positive,Positive,Positive,Positive
458,Negative,Positive,Positive,Positive,Positive,Positive,Positive
459,Positive,Positive,Positive,Positive,Positive,Positive,Positive
460,Negative,Negative,Positive,Positive,Positive,Negative,Positive
461,Positive,Positive,Positive,Positive,Positive,Positive,Positive
462,Negative,Positive,Positive,Positive,Positive,Positive,Positive
463,Negative,Positive,Positive,Positive,Positive,Positive,Positive
464,Neutral,Neutral,Positive,Positive,Positive,Neutral,Positive
465,Neutral,Positive,Positive,Positive,Positive,Positive,Positive
466,Neutral,Neutral,Positive,Positive,Positive,Neutral,Positive
467,Positive,Positive,Positive,Positive,Positive,Positive,Positive
468,Positive,Positive,Positive,Positive,Positive,Positive,Positive
469,Negative,Positive,Positive,Positive,Positive,Positive,Positive
470,Neutral,Positive,Positive,Positive,Positive,Positive,Positive
471,Positive,Positive,Positive,Positive,Positive,Positive,Positive
472,Positive,Positive,Positive,Positive,Positive,Positive,Positive
473,Positive,Positive,Positive,Positive,Neutral,Positive,Positive
474,Positive,Positive,Positive,Positive,Neutral,Positive,Positive
475,Negative,Neutral,Positive,Positive,Neutral,Negative,Positive
476,Positive,Positive,Positive,Positive,Positive,Positive,Positive
477,Positive,Positive,Positive,Positive,Neutral,Positive,Positive
478,Negative,Neutral,Neutral,Neutral,Neutral,Neutral,Neutral
479,Positive,Positive,Positive,Positive,Positive,Positive,Positive
480,Neutral,Positive,Positive,Positive,Positive,Positive,Positive
481,Positive,Positive,Positive,Positive,Positive,Positive,Positive
482,Neutral,Neutral,Positive,Positive,Positive,Neutral,Positive
483,Positive,Positive,Positive,Positive,Positive,Positive,Positive
484,Negative,Neutral,Positive,Positive,Positive,Negative,Positive
485,Positive,Positive,Positive,Positive,Positive,Positive,Positive
486,Negative,Positive,Positive,Positive,Positive,Positive,Positive
487,Positive,Positive,Positive,Positive,Positive,Positive,Positive
488,Positive,Positive,Positive,Positive,Positive,Positive,Positive
489,Positive,Positive,Positive,Positive,Positive,Positive,Positive
490,Positive,Positive,Positive,Positive,Positive,Positive,Positive
491,Neutral,Neutral,Positive,Positive,Neutral,Neutral,Positive
492,Positive,Positive,Positive,Positive,Positive,Positive,Positive
493,Positive,Positive,Positive,Positive,Positive,Positive,Positive
494,Negative,Neutral,Positive,Positive,Positive,Negative,Positive
495,Positive,Positive,Positive,Positive,Positive,Positive,Positive
496,Negative,Neutral,Positive,Positive,Positive,Negative,Positive
497,Neutral,Positive,Positive,Positive,Neutral,Positive,Positive
498,Positive,Positive,Positive,Positive,Positive,Positive,Positive
499,Negative,Positive,Positive,Positive,Positive,Positive,Positive
500,Positive,Positive,Positive,Positive,Positive,Positive,Positive
501,Positive,Positive,Positive,Positive,Positive,Positive,Positive
502,Positive,Positive,Positive,Positive,Positive,Positive,Positive
503,Positive,Positive,Positive,Positive,Positive,Positive,Positive
504,Negative,Positive,Positive,Positive,Neutral,Positive,Positive
505,Neutral,Positive,Positive,Positive,Positive,Positive,Positive
506,Positive,Positive,Positive,Positive,Neutral,Positive,Positive
507,Positive,Positive,Positive,Positive,Neutral,Positive,Positive
508,Negative,Positive,Positive,Positive,Positive,Positive,Positive
509,Positive,Positive,Positive,Positive,Positive,Positive,Positive
510,Positive,Positive,Positive,Positive,Positive,Positive,Positive
511,Positive,Positive,Positive,Positive,Positive,Positive,Positive
512,Positive,Positive,Positive,Positive,Positive,Positive,Positive
513,Positive,Positive,Positive,Positive,Positive,Positive,Positive
514,Positive,Positive,Positive,Positive,Positive,Positive,Positive
515,Positive,Positive,Positive,Positive,Positive,Positive,Positive
516,Neutral,Neutral,Positive,Positive,Positive,Neutral,Positive
517,Positive,Positive,Positive,Positive,Positive,Positive,Positive
518,Negative,Positive,Positive,Positive,Positive,Positive,Positive
519,Positive,Positive,Positive,Positive,Positive,Positive,Positive
520,Positive,Positive,Positive,Positive,Positive,Positive,Positive
521,Neutral,Positive,Positive,Positive,Positive,Positive,Positive
522,Positive,Positive,Positive,Positive,Positive,Positive,Positive
523,Negative,Negative,Positive,Negative,Positive,Negative,Positive
524,Positive,Positive,Positive,Positive,Positive,Positive,Positive
525,Positive,Positive,Positive,Positive,Positive,Positive,Positive
526,Negative,Neutral,Positive,Positive,Positive,Negative,Positive
527,Negative,Positive,Positive,Positive,Positive,Positive,Positive
528,Positive,Positive,Positive,Positive,Positive,Positive,Positive
529,Negative,Positive,Positive,Positive,Positive,Positive,Positive
530,Positive,Positive,Positive,Positive,Positive,Positive,Positive
531,Neutral,Positive,Positive,Positive,Negative,Positive,Positive
532,Negative,Positive,Positive,Positive,Positive,Positive,Positive
533,Positive,Positive,Positive,Positive,Positive,Positive,Positive
534,Positive,Positive,Positive,Positive,Positive,Positive,Positive
535,Neutral,Neutral,Positive,Positive,Neutral,Neutral,Positive
536,Positive,Positive,Positive,Positive,Positive,Positive,Positive
537,Positive,Positive,Positive,Positive,Positive,Positive,Positive
538,Negative,Negative,Positive,Positive,Negative,Negative,Positive
539,Neutral,Positive,Positive,Positive,Positive,Positive,Positive
540,Positive,Positive,Positive,Positive,Positive,Positive,Positive
541,Neutral,Neutral,Positive,Positive,Positive,Neutral,Positive
542,Positive,Positive,Positive,Positive,Positive,Positive,Positive
543,Positive,Positive,Positive,Positive,Negative,Positive,Positive
544,Positive,Positive,Positive,Positive,Positive,Positive,Positive
545,Negative,Positive,Positive,Positive,Positive,Positive,Positive
546,Positive,Positive,Positive,Positive,Positive,Positive,Positive
547,Positive,Positive,Positive,Positive,Negative,Positive,Positive
548,Positive,Positive,Positive,Positive,Positive,Positive,Positive
549,Neutral,Positive,Positive,Positive,Positive,Positive,Positive
550,Positive,Positive,Positive,Positive,Positive,Positive,Positive
551,Positive,Positive,Positive,Positive,Positive,Positive,Positive
552,Positive,Positive,Positive,Positive,Positive,Positive,Positive
553,Positive,Positive,Positive,Positive,Positive,Positive,Positive
554,Neutral,Positive,Positive,Positive,Positive,Positive,Positive
555,Positive,Positive,Positive,Positive,Positive,Positive,Positive
556,Negative,Neutral,Positive,Positive,Positive,Negative,Positive
557,Positive,Positive,Positive,Positive,Positive,Positive,Positive
558,Positive,Positive,Positive,Positive,Positive,Positive,Positive
559,Negative,Positive,Positive,Positive,Positive,Positive,Positive
560,Negative,Positive,Positive,Neutral,Neutral,Negative,Positive
561,Positive,Positive,Positive,Positive,Positive,Positive,Positive
562,Positive,Positive,Positive,Positive,Positive,Positive,Positive
563,Positive,Positive,Positive,Positive,Positive,Positive,Positive
564,Positive,Positive,Positive,Positive,Positive,Positive,Positive
565,Positive,Positive,Positive,Positive,Positive,Positive,Positive
566,Neutral,Negative,Positive,Positive,Negative,Negative,Positive
567,Positive,Positive,Positive,Positive,Positive,Positive,Positive
568,Negative,Positive,Positive,Positive,Positive,Positive,Positive
569,Positive,Positive,Positive,Positive,Positive,Positive,Positive
570,Positive,Positive,Positive,Positive,Positive,Positive,Positive
571,Positive,Positive,Positive,Positive,Positive,Positive,Positive
572,Positive,Positive,Positive,Positive,Positive,Positive,Positive
573,Positive,Positive,Positive,Positive,Positive,Positive,Positive
574,Positive,Positive,Positive,Positive,Positive,Positive,Positive
575,Positive,Positive,Positive,Positive,Positive,Positive,Positive
576,Positive,Positive,Positive,Positive,Positive,Positive,Positive
577,Negative,Positive,Positive,Positive,Positive,Positive,Positive
578,Negative,Positive,Positive,Positive,Positive,Positive,Positive
579,Positive,Positive,Positive,Positive,Positive,Positive,Positive
580,Positive,Positive,Positive,Positive,Positive,Positive,Positive
581,Neutral,Neutral,Neutral,Neutral,Neutral,Neutral,Neutral
582,Positive,Positive,Positive,Positive,Positive,Positive,Positive
583,Positive,Positive,Positive,Positive,Positive,Positive,Positive
584,Neutral,Positive,Positive,Positive,Positive,Positive,Positive
585,Neutral,Positive,Positive,Positive,Positive,Positive,Positive
586,Neutral,Neutral,Positive,Positive,Neutral,Neutral,Positive
587,Positive,Negative,Positive,Positive,Positive,Positive,Positive
588,Positive,Positive,Positive,Positive,Positive,Positive,Positive
589,Positive,Positive,Positive,Positive,Positive,Positive,Positive
590,Positive,Positive,Positive,Positive,Positive,Positive,Positive
591,Negative,Neutral,Positive,Positive,Negative,Negative,Positive
592,Positive,Positive,Positive,Positive,Positive,Positive,Positive
593,Positive,Positive,Positive,Positive,Positive,Positive,Positive
594,Positive,Positive,Positive,Positive,Neutral,Positive,Positive
595,Neutral,Positive,Positive,Positive,Positive,Positive,Positive
596,Positive,Positive,Positive,Positive,Positive,Positive,Positive
597,Positive,Positive,Positive,Positive,Positive,Positive,Positive
598,Positive,Positive,Positive,Positive,Positive,Positive,Positive
599,Neutral,Positive,Positive,Positive,Positive,Positive,Positive
600,Positive,Positive,Positive,Positive,Positive,Positive,Positive
601,Negative,Positive,Positive,Positive,Positive,Positive,Positive
602,Positive,Positive,Positive,Positive,Positive,Positive,Positive
603,Positive,Negative,Negative,Negative,Negative,Negative,Negative
604,Neutral,Positive,Positive,Positive,Positive,Positive,Positive
605,Negative,Positive,Positive,Positive,Positive,Positive,Positive
606,Positive,Positive,Positive,Positive,Positive,Positive,Positive
607,Positive,Positive,Positive,Positive,Positive,Positive,Positive
608,Positive,Positive,Positive,Positive,Positive,Positive,Positive
609,Positive,Positive,Positive,Positive,Positive,Positive,Positive
610,Positive,Positive,Positive,Positive,Positive,Positive,Positive
611,Positive,Positive,Positive,Positive,Positive,Positive,Positive
612,Negative,Positive,Positive,Positive,Positive,Positive,Positive
613,Positive,Positive,Positive,Positive,Positive,Positive,Positive
614,Positive,Positive,Positive,Positive,Positive,Positive,Positive
615,Negative,Positive,Positive,Positive,Positive,Positive,Positive
616,Neutral,Neutral,Positive,Neutral,Neutral,Neutral,Positive
617,Neutral,Neutral,Neutral,Neutral,Neutral,Neutral,Neutral
618,Neutral,Positive,Positive,Positive,Positive,Positive,Positive
619,Positive,Positive,Positive,Positive,Positive,Positive,Positive
620,Neutral,Positive,Positive,Positive,Positive,Positive,Positive
621,Positive,Positive,Positive,Positive,Positive,Positive,Positive
622,Negative,Positive,Positive,Positive,Positive,Positive,Positive
623,Negative,Positive,Positive,Positive,Positive,Positive,Positive
624,Negative,Positive,Positive,Positive,Positive,Positive,Positive
625,Negative,Positive,Positive,Positive,Positive,Positive,Positive
626,Positive,Positive,Positive,Positive,Positive,Positive,Positive
627,Positive,Positive,Positive,Positive,Positive,Positive,Positive
628,Negative,Positive,Positive,Positive,Positive,Positive,Positive
629,Positive,Positive,Positive,Positive,Positive,Positive,Positive
630,Negative,Positive,Positive,Positive,Positive,Positive,Positive
631,Positive,Positive,Positive,Positive,Positive,Positive,Positive
632,Positive,Positive,Positive,Positive,Positive,Positive,Positive
633,Positive,Positive,Positive,Positive,Positive,Positive,Positive
634,Positive,Positive,Positive,Positive,Positive,Positive,Positive
635,Neutral,Positive,Positive,Positive,Positive,Positive,Positive
636,Negative,Positive,Positive,Positive,Positive,Positive,Positive
637,Neutral,Positive,Positive,Positive,Positive,Positive,Positive
638,Negative,Positive,Positive,Positive,Positive,Positive,Positive
639,Positive,Positive,Positive,Positive,Positive,Positive,Positive
640,Neutral,Neutral,Positive,Positive,Neutral,Neutral,Positive
641,Positive,Positive,Positive,Positive,Positive,Positive,Positive
642,Positive,Positive,Positive,Positive,Positive,Positive,Positive
643,Positive,Positive,Positive,Positive,Positive,Positive,Positive
644,Positive,Positive,Positive,Positive,Positive,Positive,Positive
645,Positive,Positive,Positive,Positive,Positive,Positive,Positive
646,Negative,Neutral,Positive,Positive,Positive,Negative,Positive
647,Negative,Neutral,Positive,Positive,Positive,Negative,Positive
648,Positive,Positive,Positive,Positive,Positive,Positive,Positive
649,Positive,Positive,Positive,Positive,Positive,Positive,Positive
650,Positive,Positive,Positive,Positive,Positive,Positive,Positive
651,Positive,Positive,Positive,Positive,Positive,Positive,Positive
652,Neutral,Positive,Positive,Positive,Positive,Positive,Positive
653,Positive,Positive,Positive,Positive,Positive,Positive,Positive
654,Positive,Neutral,Positive,Positive,Neutral,Positive,Positive
655,Positive,Positive,Positive,Positive,Positive,Positive,Positive
656,Negative,Positive,Positive,Positive,Neutral,Positive,Positive
657,Negative,Neutral,Positive,Positive,Positive,Negative,Positive
658,Negative,Neutral,Positive,Positive,Positive,Negative,Positive
659,Negative,Positive,Positive,Positive,Positive,Positive,Positive
660,Positive,Positive,Positive,Positive,Positive,Positive,Positive
661,Positive,Positive,Positive,Positive,Positive,Positive,Positive
662,Neutral,Positive,Positive,Positive,Positive,Positive,Positive
663,Neutral,Positive,Positive,Positive,Positive,Positive,Positive
664,Negative,Positive,Positive,Negative,Positive,Negative,Positive
665,Negative,Positive,Positive,Positive,Positive,Positive,Positive
666,Positive,Positive,Positive,Positive,Positive,Positive,Positive
667,Positive,Positive,Positive,Positive,Positive,Positive,Positive
668,Positive,Neutral,Positive,Positive,Positive,Positive,Positive
669,Negative,Positive,Positive,Positive,Positive,Positive,Positive
670,Positive,Positive,Positive,Positive,Positive,Positive,Positive
671,Positive,Positive,Positive,Positive,Positive,Positive,Positive
672,Neutral,Positive,Positive,Positive,Positive,Positive,Positive
673,Positive,Positive,Positive,Positive,Positive,Positive,Positive
674,Positive,Positive,Positive,Positive,Positive,Positive,Positive
675,Negative,Positive,Positive,Positive,Positive,Positive,Positive
676,Negative,Positive,Positive,Positive,Positive,Positive,Positive
677,Positive,Positive,Positive,Positive,Positive,Positive,Positive
678,Positive,Positive,Positive,Positive,Positive,Positive,Positive
679,Positive,Positive,Positive,Positive,Positive,Positive,Positive
680,Positive,Positive,Positive,Positive,Positive,Positive,Positive
681,Neutral,Neutral,Positive,Positive,Positive,Neutral,Positive
682,Positive,Positive,Positive,Positive,Positive,Positive,Positive
683,Negative,Positive,Positive,Positive,Positive,Positive,Positive
684,Negative,Positive,Positive,Positive,Positive,Positive,Positive
685,Negative,Positive,Positive,Positive,Neutral,Positive,Positive
686,Neutral,Positive,Positive,Positive,Positive,Positive,Positive
687,Negative,Positive,Positive,Positive,Positive,Positive,Positive
688,Neutral,Positive,Positive,Positive,Positive,Positive,Positive
689,Positive,Positive,Positive,Positive,Positive,Positive,Positive
690,Positive,Positive,Positive,Positive,Positive,Positive,Positive
691,Positive,Positive,Positive,Positive,Positive,Positive,Positive
692,Neutral,Neutral,Positive,Positive,Positive,Neutral,Positive
693,Neutral,Neutral,Positive,Positive,Positive,Neutral,Positive
694,Negative,Negative,Negative,Negative,Negative,Negative,Negative
695,Positive,Positive,Positive,Positive,Positive,Positive,Positive
696,Neutral,Positive,Positive,Positive,Positive,Positive,Positive
697,Positive,Positive,Positive,Positive,Positive,Positive,Positive
698,Positive,Positive,Positive,Positive,Negative,Positive,Positive
699,Negative,Positive,Positive,Positive,Positive,Positive,Positive
700,Neutral,Positive,Positive,Positive,Positive,Positive,Positive
701,Negative,Positive,Positive,Positive,Positive,Positive,Positive
702,Negative,Positive,Positive,Positive,Positive,Positive,Positive
703,Positive,Positive,Positive,Positive,Neutral,Positive,Positive
704,Neutral,Positive,Positive,Positive,Positive,Positive,Positive
705,Negative,Positive,Positive,Positive,Positive,Positive,Positive
706,Positive,Positive,Positive,Positive,Positive,Positive,Positive
707,Positive,Positive,Positive,Positive,Positive,Positive,Positive
708,Positive,Positive,Positive,Positive,Positive,Positive,Positive
709,Positive,Neutral,Positive,Positive,Positive,Positive,Positive
710,Positive,Positive,Positive,Positive,Positive,Positive,Positive
711,Positive,Positive,Positive,Positive,Neutral,Positive,Positive
712,Positive,Positive,Positive,Positive,Positive,Positive,Positive
713,Positive,Positive,Positive,Positive,Positive,Positive,Positive
714,Positive,Positive,Positive,Positive,Positive,Positive,Positive
715,Positive,Positive,Positive,Positive,Positive,Positive,Positive
716,Positive,Positive,Positive,Positive,Positive,Positive,Positive
717,Positive,Positive,Positive,Positive,Positive,Positive,Positive
718,Positive,Positive,Positive,Positive,Positive,Positive,Positive
719,Negative,Positive,Positive,Positive,Positive,Positive,Positive
720,Positive,Positive,Positive,Positive,Positive,Positive,Positive
721,Neutral,Positive,Positive,Positive,Positive,Positive,Positive
722,Neutral,Neutral,Positive,Positive,Neutral,Neutral,Positive
723,Positive,Positive,Positive,Positive,Positive,Positive,Positive
724,Positive,Positive,Positive,Positive,Positive,Positive,Positive
725,Positive,Positive,Positive,Positive,Positive,Positive,Positive
726,Negative,Positive,Positive,Neutral,Neutral,Negative,Positive
727,Neutral,Positive,Positive,Positive,Positive,Positive,Positive
728,Positive,Positive,Positive,Positive,Positive,Positive,Positive
729,Positive,Positive,Positive,Positive,Positive,Positive,Positive
730,Positive,Positive,Positive,Positive,Positive,Positive,Positive
731,Positive,Positive,Positive,Positive,Positive,Positive,Positive
732,Negative,Positive,Positive,Positive,Positive,Positive,Positive
733,Negative,Positive,Positive,Positive,Positive,Positive,Positive
734,Neutral,Positive,Positive,Positive,Positive,Positive,Positive
735,Positive,Positive,Positive,Positive,Positive,Positive,Positive
736,Positive,Neutral,Positive,Positive,Positive,Positive,Positive
737,Positive,Positive,Positive,Positive,Positive,Positive,Positive
738,Neutral,Positive,Positive,Positive,Positive,Positive,Positive
739,Positive,Positive,Positive,Positive,Positive,Positive,Positive
740,Positive,Positive,Positive,Positive,Positive,Positive,Positive
741,Neutral,Positive,Positive,Positive,Positive,Positive,Positive
742,Positive,Positive,Positive,Positive,Positive,Positive,Positive
743,Neutral,Positive,Positive,Positive,Positive,Positive,Positive
744,Positive,Positive,Positive,Positive,Positive,Positive,Positive
745,Positive,Positive,Positive,Positive,Positive,Positive,Positive
746,Positive,Positive,Positive,Positive,Positive,Positive,Positive
747,Positive,Positive,Positive,Positive,Positive,Positive,Positive
748,Positive,Positive,Positive,Positive,Positive,Positive,Positive
749,Positive,Positive,Positive,Positive,Positive,Positive,Positive
750,Positive,Positive,Positive,Positive,Positive,Positive,Positive
751,Positive,Positive,Positive,Positive,Positive,Positive,Positive
752,Neutral,Neutral,Positive,Positive,Positive,Neutral,Positive
753,Positive,Positive,Positive,Positive,Positive,Positive,Positive
754,Positive,Positive,Positive,Positive,Positive,Positive,Positive
755,Positive,Positive,Positive,Positive,Positive,Positive,Positive
756,Negative,Negative,Positive,Neutral,Negative,Negative,Positive
757,Positive,Positive,Positive,Positive,Positive,Positive,Positive
758,Negative,Negative,Positive,Positive,Negative,Negative,Positive
759,Positive,Positive,Positive,Positive,Positive,Positive,Positive
760,Neutral,Positive,Positive,Positive,Positive,Positive,Positive
761,Positive,Positive,Positive,Positive,Positive,Positive,Positive
762,Positive,Positive,Positive,Positive,Positive,Positive,Positive
763,Positive,Positive,Positive,Positive,Positive,Positive,Positive
764,Positive,Positive,Positive,Positive,Positive,Positive,Positive
765,Positive,Positive,Positive,Positive,Positive,Positive,Positive
766,Positive,Positive,Positive,Positive,Positive,Positive,Positive
767,Positive,Neutral,Positive,Neutral,Positive,Neutral,Positive
768,Positive,Positive,Positive,Positive,Negative,Positive,Positive
769,Positive,Positive,Positive,Positive,Positive,Positive,Positive
770,Negative,Positive,Positive,Positive,Positive,Positive,Positive
771,Negative,Negative,Positive,Negative,Negative,Negative,Positive
772,Positive,Positive,Positive,Positive,Positive,Positive,Positive
773,Neutral,Positive,Positive,Positive,Positive,Positive,Positive
774,Negative,Neutral,Positive,Positive,Neutral,Negative,Positive
775,Neutral,Neutral,Positive,Positive,Positive,Neutral,Positive
776,Positive,Positive,Positive,Positive,Positive,Positive,Positive
777,Positive,Positive,Positive,Positive,Positive,Positive,Positive
778,Positive,Positive,Positive,Positive,Positive,Positive,Positive
779,Positive,Positive,Positive,Positive,Neutral,Positive,Positive
780,Positive,Positive,Positive,Positive,Positive,Positive,Positive
781,Negative,Neutral,Positive,Positive,Positive,Negative,Positive
782,Positive,Positive,Positive,Positive,Positive,Positive,Positive
783,Positive,Positive,Positive,Positive,Positive,Positive,Positive
784,Positive,Positive,Positive,Positive,Positive,Positive,Positive
785,Negative,Positive,Positive,Positive,Positive,Positive,Positive
786,Negative,Positive,Positive,Positive,Positive,Positive,Positive
787,Positive,Positive,Positive,Positive,Positive,Positive,Positive
788,Neutral,Neutral,Positive,Positive,Positive,Neutral,Positive
789,Neutral,Positive,Positive,Positive,Positive,Positive,Positive
790,Positive,Positive,Positive,Positive,Positive,Positive,Positive
791,Positive,Positive,Positive,Positive,Positive,Positive,Positive
792,Positive,Positive,Positive,Positive,Positive,Positive,Positive
793,Neutral,Positive,Positive,Positive,Positive,Positive,Positive
794,Negative,Positive,Positive,Positive,Positive,Positive,Positive
795,Neutral,Neutral,Positive,Positive,Positive,Neutral,Positive
796,Positive,Positive,Positive,Positive,Positive,Positive,Positive
797,Negative,Positive,Positive,Positive,Positive,Positive,Positive
798,Positive,Positive,Positive,Positive,Positive,Positive,Positive
799,Negative,Positive,Positive,Positive,Positive,Positive,Positive
800,Neutral,Positive,Positive,Positive,Neutral,Positive,Positive
801,Neutral,Neutral,Positive,Positive,Neutral,Neutral,Positive
802,Negative,Positive,Positive,Positive,Positive,Positive,Positive
803,Positive,Positive,Positive,Positive,Positive,Positive,Positive
804,Positive,Positive,Positive,Positive,Positive,Positive,Positive
805,Negative,Positive,Positive,Positive,Positive,Positive,Positive
806,Negative,Positive,Positive,Positive,Positive,Positive,Positive
807,Positive,Positive,Positive,Positive,Positive,Positive,Positive
808,Positive,Positive,Positive,Positive,Positive,Positive,Positive
809,Neutral,Positive,Positive,Positive,Positive,Positive,Positive
810,Positive,Positive,Positive,Positive,Positive,Positive,Positive
811,Positive,Positive,Positive,Positive,Positive,Positive,Positive
812,Negative,Positive,Positive,Positive,Positive,Positive,Positive
813,Positive,Positive,Positive,Positive,Neutral,Positive,Positive
814,Positive,Positive,Positive,Positive,Positive,Positive,Positive
815,Neutral,Positive,Positive,Positive,Positive,Positive,Positive
816,Neutral,Positive,Positive,Positive,Positive,Positive,Positive
817,Positive,Positive,Positive,Positive,Positive,Positive,Positive
818,Neutral,Neutral,Positive,Positive,Positive,Neutral,Positive
819,Negative,Positive,Positive,Positive,Positive,Positive,Positive
820,Positive,Positive,Positive,Positive,Positive,Positive,Positive
821,Negative,Positive,Positive,Positive,Positive,Positive,Positive
822,Negative,Positive,Positive,Positive,Positive,Positive,Positive
823,Positive,Positive,Positive,Positive,Positive,Positive,Positive
824,Negative,Positive,Positive,Positive,Positive,Positive,Positive
825,Positive,Positive,Positive,Positive,Positive,Positive,Positive
826,Positive,Positive,Positive,Positive,Positive,Positive,Positive
827,Negative,Positive,Positive,Positive,Positive,Positive,Positive
828,Neutral,Positive,Positive,Positive,Positive,Positive,Positive
829,Positive,Positive,Positive,Positive,Positive,Positive,Positive
830,Positive,Positive,Positive,Positive,Positive,Positive,Positive
831,Positive,Positive,Positive,Positive,Positive,Positive,Positive
832,Positive,Positive,Positive,Positive,Positive,Positive,Positive
833,Positive,Positive,Positive,Positive,Positive,Positive,Positive
834,Positive,Positive,Positive,Positive,Positive,Positive,Positive
835,Negative,Positive,Positive,Positive,Positive,Positive,Positive
836,Positive,Positive,Positive,Neutral,Positive,Positive,Positive
837,Positive,Positive,Positive,Positive,Positive,Positive,Positive
838,Positive,Positive,Positive,Positive,Positive,Positive,Positive
839,Positive,Positive,Positive,Positive,Positive,Positive,Positive
840,Positive,Positive,Positive,Positive,Positive,Positive,Positive
841,Positive,Positive,Positive,Positive,Positive,Positive,Positive
842,Negative,Positive,Positive,Positive,Positive,Positive,Positive
843,Negative,Positive,Positive,Positive,Positive,Positive,Positive
844,Positive,Positive,Positive,Positive,Positive,Positive,Positive
845,Positive,Positive,Positive,Positive,Positive,Positive,Positive
846,Neutral,Positive,Positive,Positive,Positive,Positive,Positive
847,Positive,Positive,Positive,Positive,Positive,Positive,Positive
848,Positive,Positive,Positive,Positive,Positive,Positive,Positive
849,Positive,Positive,Positive,Positive,Positive,Positive,Positive
850,Positive,Positive,Positive,Positive,Positive,Positive,Positive
851,Neutral,Positive,Positive,Positive,Positive,Positive,Positive
852,Positive,Positive,Positive,Positive,Positive,Positive,Positive
853,Neutral,Positive,Positive,Positive,Positive,Positive,Positive
854,Positive,Positive,Positive,Positive,Positive,Positive,Positive
855,Negative,Positive,Positive,Positive,Positive,Positive,Positive
856,Positive,Positive,Positive,Positive,Positive,Positive,Positive
857,Negative,Positive,Positive,Positive,Positive,Positive,Positive
858,Positive,Positive,Positive,Positive,Positive,Positive,Positive
859,Positive,Positive,Positive,Positive,Positive,Positive,Positive
860,Neutral,Positive,Positive,Positive,Positive,Positive,Positive
861,Positive,Positive,Positive,Positive,Positive,Positive,Positive
862,Positive,Positive,Positive,Positive,Positive,Positive,Positive
863,Positive,Positive,Positive,Positive,Positive,Positive,Positive
864,Negative,Positive,Positive,Positive,Positive,Positive,Positive
865,Positive,Positive,Positive,Positive,Positive,Positive,Positive
866,Neutral,Positive,Positive,Positive,Positive,Positive,Positive
867,Neutral,Positive,Positive,Positive,Positive,Positive,Positive
868,Negative,Positive,Positive,Positive,Positive,Positive,Positive
869,Neutral,Positive,Positive,Positive,Positive,Positive,Positive
870,Positive,Positive,Positive,Positive,Positive,Positive,Positive
871,Positive,Positive,Positive,Positive,Positive,Positive,Positive
872,Positive,Positive,Positive,Positive,Positive,Positive,Positive
873,Positive,Positive,Positive,Positive,Positive,Positive,Positive
874,Positive,Positive,Positive,Positive,Positive,Positive,Positive
875,Positive,Positive,Positive,Positive,Positive,Positive,Positive
876,Positive,Positive,Positive,Positive,Positive,Positive,Positive
877,Positive,Positive,Positive,Positive,Positive,Positive,Positive
878,Negative,Positive,Positive,Positive,Neutral,Positive,Positive
879,Positive,Positive,Positive,Positive,Positive,Positive,Positive
880,Positive,Positive,Positive,Positive,Positive,Positive,Positive
881,Positive,Positive,Positive,Positive,Negative,Positive,Positive
882,Positive,Positive,Positive,Positive,Positive,Positive,Positive
883,Positive,Positive,Positive,Positive,Positive,Positive,Positive
884,Positive,Positive,Positive,Positive,Positive,Positive,Positive
885,Positive,Positive,Positive,Positive,Positive,Positive,Positive
886,Positive,Positive,Positive,Positive,Positive,Positive,Positive
887,Positive,Positive,Positive,Positive,Positive,Positive,Positive
888,Neutral,Positive,Positive,Positive,Positive,Positive,Positive
889,Positive,Positive,Positive,Positive,Positive,Positive,Positive
890,Positive,Positive,Positive,Positive,Positive,Positive,Positive
891,Negative,Positive,Positive,Positive,Negative,Positive,Positive
892,Negative,Positive,Positive,Positive,Positive,Positive,Positive
893,Negative,Positive,Positive,Positive,Positive,Positive,Positive
894,Negative,Positive,Positive,Positive,Positive,Positive,Positive
895,Positive,Positive,Positive,Positive,Positive,Positive,Positive
896,Positive,Positive,Positive,Positive,Positive,Positive,Positive
897,Neutral,Positive,Positive,Positive,Positive,Positive,Positive
898,Negative,Positive,Positive,Positive,Positive,Positive,Positive
899,Positive,Positive,Positive,Positive,Positive,Positive,Positive
900,Positive,Positive,Positive,Positive,Positive,Positive,Positive
901,Neutral,Positive,Positive,Positive,Positive,Positive,Positive
902,Negative,Negative,Positive,Negative,Positive,Negative,Positive
903,Positive,Positive,Positive,Positive,Neutral,Positive,Positive
904,Positive,Positive,Positive,Positive,Positive,Positive,Positive
905,Neutral,Positive,Positive,Positive,Positive,Positive,Positive
906,Positive,Positive,Positive,Positive,Neutral,Positive,Positive
907,Neutral,Negative,Positive,Positive,Negative,Negative,Positive
908,Positive,Positive,Positive,Positive,Positive,Positive,Positive
909,Positive,Positive,Positive,Positive,Positive,Positive,Positive
910,Negative,Positive,Positive,Positive,Positive,Positive,Positive
911,Negative,Positive,Positive,Positive,Positive,Positive,Positive
912,Neutral,Negative,Negative,Negative,Negative,Negative,Negative
913,Neutral,Neutral,Neutral,Neutral,Neutral,Neutral,Neutral
914,Neutral,Positive,Positive,Positive,Positive,Positive,Positive
915,Neutral,Positive,Positive,Positive,Positive,Positive,Positive
916,Negative,Neutral,Neutral,Neutral,Positive,Neutral,Neutral
917,Positive,Positive,Positive,Positive,Positive,Positive,Positive
918,Positive,Positive,Positive,Positive,Positive,Positive,Positive
919,Negative,Neutral,Positive,Positive,Negative,Negative,Positive
920,Negative,Positive,Positive,Positive,Positive,Positive,Positive
921,Positive,Positive,Positive,Positive,Positive,Positive,Positive
922,Positive,Positive,Positive,Positive,Positive,Positive,Positive
923,Positive,Positive,Positive,Positive,Positive,Positive,Positive
924,Negative,Neutral,Positive,Negative,Neutral,Negative,Positive
925,Positive,Positive,Positive,Positive,Positive,Positive,Positive
926,Positive,Positive,Positive,Positive,Positive,Positive,Positive
927,Positive,Positive,Positive,Positive,Positive,Positive,Positive
928,Positive,Positive,Positive,Positive,Positive,Positive,Positive
929,Negative,Positive,Positive,Positive,Positive,Positive,Positive
930,Positive,Positive,Positive,Positive,Positive,Positive,Positive
931,Positive,Positive,Positive,Positive,Positive,Positive,Positive
932,Positive,Positive,Positive,Positive,Positive,Positive,Positive
933,Positive,Positive,Positive,Positive,Positive,Positive,Positive
934,Neutral,Neutral,Positive,Positive,Positive,Neutral,Positive
935,Positive,Positive,Positive,Positive,Positive,Positive,Positive
936,Negative,Positive,Positive,Positive,Positive,Positive,Positive
937,Positive,Neutral,Positive,Positive,Positive,Positive,Positive
938,Neutral,Positive,Positive,Positive,Positive,Positive,Positive
939,Positive,Positive,Positive,Positive,Positive,Positive,Positive
940,Neutral,Neutral,Positive,Positive,Positive,Neutral,Positive
941,Neutral,Positive,Positive,Positive,Positive,Positive,Positive
942,Positive,Positive,Positive,Positive,Positive,Positive,Positive
943,Positive,Positive,Positive,Positive,Positive,Positive,Positive
944,Negative,Positive,Positive,Positive,Positive,Positive,Positive
945,Positive,Positive,Positive,Positive,Positive,Positive,Positive
946,Positive,Positive,Positive,Positive,Positive,Positive,Positive
947,Negative,Positive,Positive,Positive,Positive,Positive,Positive
948,Positive,Positive,Positive,Positive,Positive,Positive,Positive
949,Negative,Positive,Positive,Positive,Positive,Positive,Positive
950,Positive,Positive,Positive,Positive,Positive,Positive,Positive
951,Positive,Positive,Positive,Positive,Positive,Positive,Positive
952,Positive,Positive,Positive,Positive,Positive,Positive,Positive
953,Positive,Positive,Positive,Positive,Positive,Positive,Positive
954,Positive,Positive,Positive,Positive,Positive,Positive,Positive
955,Negative,Negative,Positive,Positive,Negative,Negative,Positive
956,Negative,Positive,Positive,Positive,Positive,Positive,Positive
957,Negative,Positive,Positive,Positive,Positive,Positive,Positive
958,Negative,Positive,Positive,Positive,Positive,Positive,Positive
959,Negative,Positive,Positive,Positive,Positive,Positive,Positive
960,Neutral,Positive,Positive,Positive,Positive,Positive,Positive
961,Positive,Positive,Positive,Positive,Positive,Positive,Positive
962,Positive,Positive,Positive,Positive,Positive,Positive,Positive
963,Positive,Positive,Positive,Positive,Negative,Positive,Positive
964,Positive,Positive,Positive,Positive,Positive,Positive,Positive
965,Positive,Positive,Positive,Positive,Positive,Positive,Positive
966,Positive,Positive,Positive,Positive,Positive,Positive,Positive
967,Negative,Positive,Positive,Positive,Positive,Positive,Positive
968,Negative,Positive,Positive,Positive,Positive,Positive,Positive
969,Positive,Positive,Positive,Positive,Positive,Positive,Positive
970,Positive,Positive,Positive,Positive,Positive,Positive,Positive
971,Positive,Positive,Positive,Positive,Positive,Positive,Positive
972,Positive,Positive,Positive,Positive,Positive,Positive,Positive
973,Negative,Positive,Positive,Positive,Positive,Positive,Positive
974,Positive,Positive,Positive,Positive,Neutral,Positive,Positive
975,Positive,Negative,Positive,Negative,Negative,Negative,Negative
976,Positive,Negative,Positive,Positive,Neutral,Positive,Positive
977,Positive,Positive,Positive,Positive,Positive,Positive,Positive
978,Positive,Positive,Positive,Positive,Positive,Positive,Positive
979,Neutral,Neutral,Positive,Positive,Positive,Neutral,Positive
980,Negative,Positive,Positive,Positive,Positive,Positive,Positive
981,Positive,Neutral,Positive,Positive,Neutral,Positive,Positive
982,Neutral,Positive,Positive,Positive,Positive,Positive,Positive
983,Positive,Positive,Positive,Positive,Positive,Positive,Positive
984,Neutral,Positive,Positive,Positive,Positive,Positive,Positive
985,Positive,Positive,Positive,Positive,Positive,Positive,Positive
986,Positive,Positive,Positive,Positive,Positive,Positive,Positive
987,Positive,Positive,Positive,Positive,Neutral,Positive,Positive
988,Positive,Positive,Positive,Positive,Positive,Positive,Positive
989,Positive,Positive,Positive,Positive,Positive,Positive,Positive
990,Neutral,Positive,Positive,Positive,Positive,Positive,Positive
991,Positive,Positive,Positive,Positive,Positive,Positive,Positive
992,Positive,Positive,Positive,Positive,Positive,Positive,Positive
993,Positive,Positive,Positive,Positive,Positive,Positive,Positive
994,Positive,Positive,Positive,Positive,Neutral,Positive,Positive
995,Positive,Positive,Positive,Positive,Positive,Positive,Positive
996,Neutral,Positive,Positive,Positive,Positive,Positive,Positive
997,Neutral,Neutral,Positive,Positive,Neutral,Neutral,Positive
998,Positive,Positive,Positive,Positive,Positive,Positive,Positive
999,Neutral,Positive,Positive,Positive,Positive,Positive,Positive
